Model,ROC AUC,PR AUC,Brier score,Log loss,ECE,Accuracy,Balanced accuracy,Precision,Recall,F1,Threshold,ROC AUC 95% CI lower,ROC AUC 95% CI upper
Logistic regression,0.915477,0.766605,0.094712,0.303166,0.038969,0.862269,0.789947,0.694444,0.661376,0.677507,0.500000,,
Random forest,0.910406,0.742706,0.103245,0.337036,0.079989,0.858796,0.791534,0.679144,0.671958,0.675532,0.500000,,
XGBoost,0.909308,0.749999,0.101616,0.317448,0.042382,0.856481,0.797672,0.664975,0.693122,0.678756,0.500000,,
Logistic regression calibrated,0.912138,0.732969,0.094374,0.298952,0.028416,0.773148,0.818624,0.489914,0.899471,0.634328,0.100000,0.889365,0.931575
